{
    "xmin":-9724429.30780324,
    "xmax":-9443473.143332718,
    "spatialReference":{
        "wkid":102100
    },
    "ymin":4619505.63590182,
    "ymax":4994113.855195849
}